<Label drug="choline">
  <Text>
    <Section id="S1" name="adverse reactions">      6            ADVERSE REACTIONS  

  Exclusive of an uncommon, mild injection site reaction, no adverse reactions to  11  C-choline have been reported.



   EXCERPT:   Exclusive of an uncommon, mild injection site reaction, no other adverse reactions have been reported (  6  ).



   To report SUSPECTED ADVERSE REACTIONS, contact Division of Nuclear Medicine, Department of Radiology, Mayo Clinic at 507-284-2511 or FDA at 1-800-FDA-1088 or www.fda.gov/medwatch  
</Section>
    <Section id="S2" name="warnings and precautions">     5          WARNINGS AND PRECAUTIONS  



   EXCERPT:    *  Imaging errors have been reported; blood PSA levels &lt; 2 ng/mL have been associated with poor imaging performance (  5.1  ). 
 *  Allergic reactions: have emergency resuscitation equipment and personnel readily available (  5.2  ). 
 *  Radiation risk: Choline C 11 Injection contributes to a patient's long-term cumulative radiation exposure. Ensure safe handling to protect the patient and health care worker (  5.3  ). 
    
 

    5.1             Imaging   Errors  



  Imaging errors have been reported with  11  C-choline PET and PET/CT imaging. A negative image does not rule out the presence of recurrent prostate cancer and a positive image does not confirm the presence of recurrent cancer.  11  C-choline uptake is not specific for prostate cancer and may occur with other types of cancer (such as lung carcinoma and brain tumors). Clinical correlation, including histopathological evaluation of the suspected recurrence site, is essential to proper use of the PET imaging information.



 *  Blood PSA levels &lt; 2 ng/mL have been associated with poor performance of  11  C-choline PET imaging (higher numbers of false positive and false negative results) [ see Clinical Studies (14) ]. 
 *  Tissue inflammation as well as prostatic hyperplasia have been associated with false positive  11  C-choline PET images. 
 *  Concomitant colchicine or androgen-deprivation therapeutic drugs (such as luteinizing hormone-releasing analogs and anti-androgen drugs) may interfere with  11  C-choline PET imaging. One published report of  18  F-methylcholine PET imaging indicated that discontinuation of colchicine for two weeks resolved the colchicine effect. The impact of discontinuation of androgen-deprivation therapy upon  11  C-choline PET imaging has not been established [ see Drug Interactions   (7) ]. 
        5.2             Allergic Reactions  
 

  As with any injectable drug product, allergic reactions and anaphylaxis may occur. Emergency resuscitation equipment and personnel should be immediately available.



     5.3             Radiation Risks  



  Choline C 11 Injection contributes to a patient's overall long-term cumulative radiation exposure. Long-term cumulative radiation exposure is associated with an increased risk for cancer. Safe handling should be ensured to minimize radiation exposure to the patient and health care workers [ see    Dosage and Administration   (   2.   1   )  ].
</Section>
  </Text>
  <Mentions>
    <Mention id="M1" len="4" section="S1" start="68" str="mild" type="Severity" />
    <Mention id="M2" len="23" section="S1" start="73" str="injection site reaction" type="AdverseReaction" />
    <Mention id="M3" len="4" section="S1" start="200" str="mild" type="Severity" />
    <Mention id="M4" len="23" section="S1" start="205" str="injection site reaction" type="AdverseReaction" />
    <Mention id="M5" len="18" section="S2" start="193" str="Allergic reactions" type="AdverseReaction" />
    <Mention id="M6" len="14" section="S2" start="300" str="Radiation risk" type="AdverseReaction" />
    <Mention id="M7" len="18" section="S2" start="1964" str="allergic reactions" type="AdverseReaction" />
    <Mention id="M8" len="11" section="S2" start="1987" str="anaphylaxis" type="AdverseReaction" />
    <Mention id="M9" len="3" section="S2" start="1999" str="may" type="Factor" />
    <Mention id="M10" len="4" section="S2" start="2309" str="risk" type="Factor" />
    <Mention id="M11" len="6" section="S2" start="2318" str="cancer" type="AdverseReaction" />
  </Mentions>
  <Relations>
    <Relation arg1="M2" arg2="M1" id="RL1" type="Effect" />
    <Relation arg1="M4" arg2="M3" id="RL2" type="Effect" />
    <Relation arg1="M7" arg2="M9" id="RL3" type="Hypothetical" />
    <Relation arg1="M8" arg2="M9" id="RL4" type="Hypothetical" />
    <Relation arg1="M11" arg2="M10" id="RL5" type="Hypothetical" />
  </Relations>
  </Label>