<Label drug="fulyzaq">
  <Text>
    <Section id="S1" name="adverse reactions">    6 ADVERSE REACTIONS

    6.1              Clinical Trials Experience  



 Because clinical trials are conducted under widely varying conditions, adverse reaction rates observed in the clinical trials of a drug cannot be directly compared to rates in the clinical trials of another drug and may not reflect the rates observed in practice. 



 A total of 696 HIV-positive patients in three placebo-controlled trials received FULYZAQ for a mean duration of 78 days.  Of the total population across the three trials, 229 patients received a dose of 125 mg twice a day for a mean duration of 141 days, 69 patients received a dose of 250 mg twice a day for a mean duration of 139 days, 102 patients received a dose of 250 mg four times a day for a mean duration of 14 days, 54 patients received a dose of 500 mg twice a day for a mean duration of 146 days, and 242 patients received a dose of 500 mg four times a day for a mean duration of 14 days. 



 Adverse reactions for FULYZAQ that occurred in at least 2% of patients and at a higher incidence than placebo are provided in Table 1.



   Table    1:                Adverse Reactions Occurring in at Least 2% of Patients in the 125 mg Twice Daily Group  




  Adverse Reaction    Crofelemer 125 mg BID*N = 229n (%)    PlaceboN = 274n (%)    
  Upper respiratory tract infection    13 (5.7)         4 (1.5)          
  Bronchitis       9 (3.9)          0                
  Cough            8 (3.5)          3 (1.1)          
  Flatulence       7 (3.1)          3 (1.1)          
  Increased bilirubin    7 (3.1)          3 (1.1)          
  Nausea           6 (2.6)          4 (1.5)          
  Back pain        6 (2.6)          4 (1.5)          
  Arthralgia       6 (2.6)          0                
  Urinary tract infection    5 (2.2)          2 (0.7)          
  Nasopharyngitis    5 (2.2)          2 (0.7)          
  Musculoskeletal pain    5 (2.2)          1 (0.4)          
  Hemorrhoids      5 (2.2)          0                
  Giardiasis       5 (2.2)          0                
  Anxiety          5 (2.2)          1 (0.4)          
  Increased alanine aminotransferase    5 (2.2)          3 (1.1)          
  Abdominal distension    5 (2.2)          1 (0.4)          
  * Twice daily    
         Adverse reactions that occurred in between 1% and 2% of patients taking a 250 mg daily dose of FULYZAQ were abdominal pain, acne, increased aspartate aminotransferase, increased conjugated bilirubin, increased unconjugated blood bilirubin, constipation, depression, dermatitis, dizziness, dry mouth, dyspepsia, gastroenteritis, herpes zoster, nephrolithiasis, pain in extremity, pollakiuria, procedural pain, seasonal allergy, sinusitis and decreased white blood cell count.
 

 Adverse reactions were similar in patients who received doses greater than 250 mg daily.



   EXCERPT:   Most common adverse reactions (incidence &gt;= 3%) are upper respiratory tract infection, bronchitis, cough, flatulence and increased bilirubin. (  6  )



   To report SUSPECTED ADVERSE REACTIONS, contact Salix Pharmaceuticals at 1-800-508-0024 or www.Salix.com or FDA at 1-800-FDA-1088 or  www.fda.gov/medwatch    
</Section>
    <Section id="S2" name="warnings and precautions">    5 WARNINGS AND PRECAUTIONS



   5. 1      Risks of Treatment in Patients with Infectious Diarrhea  



 If infectious etiologies are not considered, and FULYZAQ is initiated based on a presumptive diagnosis of non-infectious diarrhea, then there is a risk that patients with infectious etiologies will not receive the appropriate treatments, and their disease may worsen.  Before starting FULYZAQ, rule out infectious etiologies of diarrhea.  FULYZAQ is not indicated for the treatment of infectious diarrhea.



   EXCERPT:   Rule out infectious etiologies of diarrhea before starting crofelemer.  If infectious etiologies are not considered, there is a risk that patients with infectious etiologies will not receive the appropriate therapy and their disease may worsen. (  5.1  )
</Section>
  </Text>
  <Mentions>
    <Mention id="M1" len="33" section="S1" start="1301" str="Upper respiratory tract infection" type="AdverseReaction" />
    <Mention id="M2" len="10" section="S1" start="1375" str="Bronchitis" type="AdverseReaction" />
    <Mention id="M3" len="5" section="S1" start="1429" str="Cough" type="AdverseReaction" />
    <Mention id="M4" len="10" section="S1" start="1483" str="Flatulence" type="AdverseReaction" />
    <Mention id="M5" len="19" section="S1" start="1537" str="Increased bilirubin" type="AdverseReaction" />
    <Mention id="M6" len="6" section="S1" start="1597" str="Nausea" type="AdverseReaction" />
    <Mention id="M7" len="9" section="S1" start="1651" str="Back pain" type="AdverseReaction" />
    <Mention id="M8" len="10" section="S1" start="1705" str="Arthralgia" type="AdverseReaction" />
    <Mention id="M9" len="23" section="S1" start="1759" str="Urinary tract infection" type="AdverseReaction" />
    <Mention id="M10" len="15" section="S1" start="1823" str="Nasopharyngitis" type="AdverseReaction" />
    <Mention id="M11" len="20" section="S1" start="1879" str="Musculoskeletal pain" type="AdverseReaction" />
    <Mention id="M12" len="11" section="S1" start="1940" str="Hemorrhoids" type="AdverseReaction" />
    <Mention id="M13" len="10" section="S1" start="1994" str="Giardiasis" type="AdverseReaction" />
    <Mention id="M14" len="7" section="S1" start="2048" str="Anxiety" type="AdverseReaction" />
    <Mention id="M15" len="34" section="S1" start="2102" str="Increased alanine aminotransferase" type="AdverseReaction" />
    <Mention id="M16" len="20" section="S1" start="2177" str="Abdominal distension" type="AdverseReaction" />
    <Mention id="M17" len="14" section="S1" start="2373" str="abdominal pain" type="AdverseReaction" />
    <Mention id="M18" len="4" section="S1" start="2389" str="acne" type="AdverseReaction" />
    <Mention id="M19" len="36" section="S1" start="2395" str="increased aspartate aminotransferase" type="AdverseReaction" />
    <Mention id="M20" len="30" section="S1" start="2433" str="increased conjugated bilirubin" type="AdverseReaction" />
    <Mention id="M21" len="38" section="S1" start="2465" str="increased unconjugated blood bilirubin" type="AdverseReaction" />
    <Mention id="M22" len="12" section="S1" start="2505" str="constipation" type="AdverseReaction" />
    <Mention id="M23" len="10" section="S1" start="2519" str="depression" type="AdverseReaction" />
    <Mention id="M24" len="10" section="S1" start="2531" str="dermatitis" type="AdverseReaction" />
    <Mention id="M25" len="9" section="S1" start="2543" str="dizziness" type="AdverseReaction" />
    <Mention id="M26" len="9" section="S1" start="2554" str="dry mouth" type="AdverseReaction" />
    <Mention id="M27" len="9" section="S1" start="2565" str="dyspepsia" type="AdverseReaction" />
    <Mention id="M28" len="15" section="S1" start="2576" str="gastroenteritis" type="AdverseReaction" />
    <Mention id="M29" len="13" section="S1" start="2593" str="herpes zoster" type="AdverseReaction" />
    <Mention id="M30" len="15" section="S1" start="2608" str="nephrolithiasis" type="AdverseReaction" />
    <Mention id="M31" len="17" section="S1" start="2625" str="pain in extremity" type="AdverseReaction" />
    <Mention id="M32" len="11" section="S1" start="2644" str="pollakiuria" type="AdverseReaction" />
    <Mention id="M33" len="15" section="S1" start="2657" str="procedural pain" type="AdverseReaction" />
    <Mention id="M34" len="16" section="S1" start="2674" str="seasonal allergy" type="AdverseReaction" />
    <Mention id="M35" len="9" section="S1" start="2692" str="sinusitis" type="AdverseReaction" />
    <Mention id="M36" len="32" section="S1" start="2706" str="decreased white blood cell count" type="AdverseReaction" />
    <Mention id="M37" len="33" section="S1" start="2902" str="upper respiratory tract infection" type="AdverseReaction" />
    <Mention id="M38" len="10" section="S1" start="2937" str="bronchitis" type="AdverseReaction" />
    <Mention id="M39" len="5" section="S1" start="2949" str="cough" type="AdverseReaction" />
    <Mention id="M40" len="10" section="S1" start="2956" str="flatulence" type="AdverseReaction" />
    <Mention id="M41" len="19" section="S1" start="2971" str="increased bilirubin" type="AdverseReaction" />
  </Mentions>
  <Relations />
  </Label>