<Label drug="ulesfia">
  <Text>
    <Section id="S1" name="adverse reactions">      6             ADVERSE REACTIONS  

  EXCERPT:   Most common adverse reactions (&gt; 1% and more common than with placebo): ocular irritation, application site irritation, and application site anesthesia and hypoesthesia. (  6  )



   To report SUSPECTED ADVERSE REACTIONS, contact Zylera Pharmaceuticals, LLC. at 1-866-416-9637 or FDA at 1-800-FDA-1088 or www.fda.gov/medwatch.  



 

    6.1             Clinical Trials Experience  

        Because clinical trials are conducted under widely varying conditions, adverse reaction rates observed in the clinical trials of a drug cannot be directly compared to rates in the clinical trials of another drug and may not reflect the rates observed in clinical practice.



       The rates of adverse reactions below were derived from two randomized, multi-center, vehicle-controlled clinical trials and one open-label study in subjects with head lice infestation.



       Skin, scalp, and ocular irritation were monitored in the clinical trials. All subjects were queried about the presence of skin and scalp symptoms; the results are presented in Table 2.



  



       Table 2: Monitored Adverse Reactions - Application Site Symptoms 
 Event            ULESFIA    (r)    Lotion  Vehicle           
 Application site Irritation  2% (11/478)      1% (2/336)       
 Application site anesthesia &amp;hypoesthesia  2% (10/478)      0% (0/336)       
 Pain             1% (5/478)       0% (1/336)        
               The subset of subjects who did not have pruritus, erythema, edema or pyoderma of skin and scalp, or ocular irritation prior to treatment were assessed for these signs and symptoms after treatment; the results are presented in Table 3.
 

      



 Table 3: Monitored Adverse Reactions - Pruritus, Erythema, Pyoderma and Ocular Irritation with Onset After Treatment 
 Signs/Symptoms   ULESFIA    (r)    Lotion  Vehicle           
 Pruritus         12% (14/116)     4% (3/67)         
 Erythema         10% (32/309)     9% (19/217)       
 Pyoderma         7% (22/308)      4% (10/230)       
 Ocular irritation  6% (26/428)      1% (3/313)        
               Other less common reactions (less than 1% but more than 0.1%) were, in decreasing order of incidence: application site dryness, application site excoriation, paraesthesia, application site dermatitis, excoriation, thermal burn, dandruff, erythema, rash, and skin exfoliation.
</Section>
    <Section id="S2" name="warnings and precautions">     5           WARNINGS AND PRECAUTIONS  



   EXCERPT:    *  Neonatal toxicity: Risk of gasping syndrome if benzyl alcohol is used in neonates. (  5.1  ) 
 *  Eye irritation: Avoid eye exposure. Flush immediately with water if ULESFIA   (r)    Lotion comes into contact with eyes. (  5.2  ) 
 *  Contact dermatitis: May occur with ULESFIA   (r)    Lotion. (  5.3  ) 
 *  Use in children: ULESFIA   (r)    Lotion should only be used on children under the direct supervision of an adult. Keep out of reach of children. (  5.4  ) 
    
 

    5.   1           Neonatal Toxicity  



        Intravenous administration of products containing benzyl alcohol has been associated with neonatal gasping syndrome consisting of severe metabolic acidosis, gasping respirations, progressive hypotension, seizures, central nervous system depression, intraventricular hemorrhage, and death in preterm, low birth weight infants. Neonates (i.e. patients less than 1 month of age or preterm infants with a corrected age of less than 44 weeks) could be at risk for gasping syndrome if treated with ULESFIA   (r)     Lotion  [see     Use in Specific Populations     (     8.4     )]  .  



      



     5.2           Eye Irritation      



        Avoid eye exposure. ULESFIA   (r)     Lotion may cause eye irritation. If ULESFIA   (r)     Lotion comes in contact with the eyes, flush them immediately with water. If irritation persists, consult a physician.



      



     5.   3           Contact Dermatitis  



        ULESFIA   (r)     Lotion may cause allergic or irritant dermatitis.



      



     5.4           Use in Children      



        ULESFIA   (r)     Lotion should only be used on children (6 months of age and older) under the direct supervision of an adult. Keep out of reach of children.
</Section>
  </Text>
  <Mentions>
    <Mention id="M1" len="17" section="S1" start="126" str="ocular irritation" type="AdverseReaction" />
    <Mention id="M2" len="27" section="S1" start="145" str="application site irritation" type="AdverseReaction" />
    <Mention id="M3" len="27" section="S1" start="178" str="application site anesthesia" type="AdverseReaction" />
    <Mention id="M4" len="16,12" section="S1" start="178,210" str="application site hypoesthesia" type="AdverseReaction" />
    <Mention id="M5" len="27" section="S1" start="1257" str="Application site Irritation" type="AdverseReaction" />
    <Mention id="M6" len="27" section="S1" start="1322" str="Application site anesthesia" type="AdverseReaction" />
    <Mention id="M7" len="16,12" section="S1" start="1322,1351" str="Application site hypoesthesia" type="AdverseReaction" />
    <Mention id="M8" len="4" section="S1" start="1401" str="Pain" type="AdverseReaction" />
    <Mention id="M9" len="8" section="S1" start="1757" str="Pruritus" type="AdverseReaction" />
    <Mention id="M10" len="8" section="S1" start="1767" str="Erythema" type="AdverseReaction" />
    <Mention id="M11" len="8" section="S1" start="1777" str="Pyoderma" type="AdverseReaction" />
    <Mention id="M12" len="17" section="S1" start="1790" str="Ocular Irritation" type="AdverseReaction" />
    <Mention id="M13" len="8" section="S1" start="1900" str="Pruritus" type="AdverseReaction" />
    <Mention id="M14" len="8" section="S1" start="1954" str="Erythema" type="AdverseReaction" />
    <Mention id="M15" len="8" section="S1" start="2008" str="Pyoderma" type="AdverseReaction" />
    <Mention id="M16" len="17" section="S1" start="2062" str="Ocular irritation" type="AdverseReaction" />
    <Mention id="M17" len="24" section="S1" start="2234" str="application site dryness" type="AdverseReaction" />
    <Mention id="M18" len="28" section="S1" start="2260" str="application site excoriation" type="AdverseReaction" />
    <Mention id="M19" len="12" section="S1" start="2290" str="paraesthesia" type="AdverseReaction" />
    <Mention id="M20" len="27" section="S1" start="2304" str="application site dermatitis" type="AdverseReaction" />
    <Mention id="M21" len="11" section="S1" start="2333" str="excoriation" type="AdverseReaction" />
    <Mention id="M22" len="12" section="S1" start="2346" str="thermal burn" type="AdverseReaction" />
    <Mention id="M23" len="8" section="S1" start="2360" str="dandruff" type="AdverseReaction" />
    <Mention id="M24" len="8" section="S1" start="2370" str="erythema" type="AdverseReaction" />
    <Mention id="M25" len="4" section="S1" start="2380" str="rash" type="AdverseReaction" />
    <Mention id="M26" len="16" section="S1" start="2390" str="skin exfoliation" type="AdverseReaction" />
    <Mention id="M27" len="17" section="S2" start="65" str="Neonatal toxicity" type="AdverseReaction" />
    <Mention id="M28" len="4" section="S2" start="84" str="Risk" type="Factor" />
    <Mention id="M29" len="16" section="S2" start="92" str="gasping syndrome" type="AdverseReaction" />
    <Mention id="M30" len="14" section="S2" start="163" str="Eye irritation" type="AdverseReaction" />
    <Mention id="M31" len="18" section="S2" start="300" str="Contact dermatitis" type="AdverseReaction" />
    <Mention id="M32" len="3" section="S2" start="320" str="May" type="Factor" />
    <Mention id="M33" len="25" section="S2" start="682" str="neonatal gasping syndrome" type="AdverseReaction" />
    <Mention id="M34" len="6" section="S2" start="722" str="severe" type="Severity" />
    <Mention id="M35" len="18" section="S2" start="729" str="metabolic acidosis" type="AdverseReaction" />
    <Mention id="M36" len="20" section="S2" start="749" str="gasping respirations" type="AdverseReaction" />
    <Mention id="M37" len="23" section="S2" start="771" str="progressive hypotension" type="AdverseReaction" />
    <Mention id="M38" len="8" section="S2" start="796" str="seizures" type="AdverseReaction" />
    <Mention id="M39" len="33" section="S2" start="806" str="central nervous system depression" type="AdverseReaction" />
    <Mention id="M40" len="27" section="S2" start="841" str="intraventricular hemorrhage" type="AdverseReaction" />
    <Mention id="M41" len="5" section="S2" start="874" str="death" type="AdverseReaction" />
    <Mention id="M42" len="4" section="S2" start="1042" str="risk" type="Factor" />
    <Mention id="M43" len="16" section="S2" start="1051" str="gasping syndrome" type="AdverseReaction" />
    <Mention id="M44" len="3" section="S2" start="1282" str="may" type="Factor" />
    <Mention id="M45" len="14" section="S2" start="1292" str="eye irritation" type="AdverseReaction" />
    <Mention id="M46" len="3" section="S2" start="1540" str="may" type="Factor" />
    <Mention id="M47" len="8,10" section="S2" start="1550,1571" str="allergic dermatitis" type="AdverseReaction" />
    <Mention id="M48" len="19" section="S2" start="1562" str="irritant dermatitis" type="AdverseReaction" />
  </Mentions>
  <Relations>
    <Relation arg1="M29" arg2="M28" id="RL1" type="Hypothetical" />
    <Relation arg1="M31" arg2="M32" id="RL2" type="Hypothetical" />
    <Relation arg1="M35" arg2="M34" id="RL3" type="Effect" />
    <Relation arg1="M43" arg2="M42" id="RL4" type="Hypothetical" />
    <Relation arg1="M45" arg2="M44" id="RL5" type="Hypothetical" />
    <Relation arg1="M47" arg2="M46" id="RL6" type="Hypothetical" />
    <Relation arg1="M48" arg2="M46" id="RL7" type="Hypothetical" />
  </Relations>
  </Label>